{"example 0": {"2": {"mse": 0.021425949184779764, "abs": 21392699545.302784, "depth": 11, "op_num": 653, "x_hhl": "[0.54541015625, 0.263671875, 0.10302734375, 0.087890625]"}, "3": {"mse": 0.03307187815468134, "abs": 19810734970.310165, "depth": 18, "op_num": 988, "x_hhl": "[0.2919921875, 0.51708984375, 0.0830078125, 0.10791015625]"}, "4": {"mse": 0.0276711033336597, "abs": 17404730599.30783, "depth": 27, "op_num": 1331, "x_hhl": "[0.53076171875, 0.28125, 0.109375, 0.07861328125]"}, "5": {"mse": 0.02453955177026077, "abs": 21044252924.406097, "depth": 38, "op_num": 1682, "x_hhl": "[0.52783203125, 0.2626953125, 0.1240234375, 0.08544921875]"}, "6": {"mse": 0.03805850544803972, "abs": 14027642670.193184, "depth": 51, "op_num": 2041, "x_hhl": "[0.06982421875, 0.3037109375, 0.51025390625, 0.1162109375]"}, "7": {"mse": 0.04032102215189141, "abs": 19650566080.317535, "depth": 66, "op_num": 2408, "x_hhl": "[0.49951171875, 0.11669921875, 0.08154296875, 0.30224609375]"}, "8": {"mse": 0.035487537433609904, "abs": 22538915228.761528, "depth": 83, "op_num": 2783, "x_hhl": "[0.12353515625, 0.287109375, 0.0869140625, 0.50244140625]"}, "9": {"mse": 0.03553206188250093, "abs": 22639035703.284805, "depth": 102, "op_num": 3166, "x_hhl": "[0.5009765625, 0.12646484375, 0.28564453125, 0.0869140625]"}, "10": {"mse": 0.0323178528605605, "abs": 18291940927.130165, "depth": 123, "op_num": 3557, "x_hhl": "[0.07958984375, 0.11572265625, 0.5166015625, 0.2880859375]"}, "11": {"mse": 0.04000896424048968, "abs": 17249949467.02259, "depth": 146, "op_num": 3956, "x_hhl": "[0.30712890625, 0.10986328125, 0.505859375, 0.0771484375]"}, "12": {"mse": 0.034728910049500177, "abs": 20316988372.94542, "depth": 171, "op_num": 4363, "x_hhl": "[0.5107421875, 0.29248046875, 0.11328125, 0.08349609375]"}, "13": {"mse": 0.029503081170278746, "abs": 21244558099.140186, "depth": 198, "op_num": 4778, "x_hhl": "[0.52880859375, 0.2880859375, 0.0869140625, 0.09619140625]"}, "14": {"mse": 0.031050846841883792, "abs": 16156261891.645643, "depth": 227, "op_num": 5201, "x_hhl": "[0.0751953125, 0.1162109375, 0.521484375, 0.287109375]"}, "15": {"mse": 0.033915852451293235, "abs": 19571366459.15943, "depth": 258, "op_num": 5632, "x_hhl": "[0.51611328125, 0.10693359375, 0.08251953125, 0.29443359375]"}, "16": {"mse": 0.03644707984297055, "abs": 25062989337.132133, "depth": 291, "op_num": 6071, "x_hhl": "[0.51220703125, 0.09375, 0.30078125, 0.09326171875]"}, "17": {"mse": 0.029655810242107675, "abs": 18489481563.301693, "depth": 326, "op_num": 6518, "x_hhl": "[0.1025390625, 0.0810546875, 0.5283203125, 0.2880859375]"}, "18": {"mse": 0.033589318918647804, "abs": 23343446375.08835, "depth": 363, "op_num": 6973, "x_hhl": "[0.5078125, 0.1181640625, 0.0888671875, 0.28515625]"}, "19": {"mse": 0.03242018292461142, "abs": 15930652123.719957, "depth": 402, "op_num": 7436, "x_hhl": "[0.29150390625, 0.52001953125, 0.11376953125, 0.07470703125]"}, "20": {"mse": 0.029088893779068772, "abs": 16325848448.572863, "depth": 443, "op_num": 7907, "x_hhl": "[0.11767578125, 0.52490234375, 0.28173828125, 0.07568359375]"}}}