{"example 1": {"2": {"mse": 0.4995592257711353, "abs": 2018.7909327463158, "depth": 11, "op_num": 653}, "3": {"mse": 0.4995592257711353, "abs": 2018.7909327463158, "depth": 18, "op_num": 988}, "4": {"mse": 0.4982400557061882, "abs": 768.7074187387249, "depth": 27, "op_num": 1331}, "5": {"mse": 0.4982400557061882, "abs": 768.7074187387249, "depth": 38, "op_num": 1682}, "6": {"mse": 0.49897051274307114, "abs": 768.0558378802289, "depth": 51, "op_num": 2041}, "7": {"mse": 0.4992228545462028, "abs": 810.5505112340336, "depth": 66, "op_num": 2408}, "8": {"mse": 0.49897051274307114, "abs": 768.0558378802289, "depth": 83, "op_num": 2783}, "9": {"mse": 0.4987268530801544, "abs": 768.0763631360226, "depth": 102, "op_num": 3166}, "10": {"mse": 0.4984833577412362, "abs": 768.686893482931, "depth": 123, "op_num": 3557}, "11": {"mse": 0.4987268530801544, "abs": 768.0763631360226, "depth": 146, "op_num": 3956}, "12": {"mse": 5.042540324959704e-07, "abs": 1.3812076817645602, "depth": 171, "op_num": 4363}, "13": {"mse": 0.4992228545462028, "abs": 810.5505112340336, "depth": 198, "op_num": 4778}, "14": {"mse": 1.7276560169163746e-07, "abs": 1.0061222462467205, "depth": 227, "op_num": 5201}, "15": {"mse": 0.49897051274307114, "abs": 768.0558378802289, "depth": 258, "op_num": 5632}, "16": {"mse": 0.4992228545462028, "abs": 810.5505112340336, "depth": 291, "op_num": 6071}, "17": {"mse": 0.4995592257711353, "abs": 2018.7909327463158, "depth": 326, "op_num": 6518}, "18": {"mse": 0.4992228545462028, "abs": 810.5505112340336, "depth": 363, "op_num": 6973}, "19": {"mse": 0.4989791166637804, "abs": 811.1405163251485, "depth": 402, "op_num": 7436}, "20": {"mse": 0.49897051274307114, "abs": 768.0558378802289, "depth": 443, "op_num": 7907}}, "example 2": {"2": {"mse": 0.0006866014117835622, "abs": 0.7438448283442447, "depth": 11, "op_num": 653}, "3": {"mse": 0.0004853163356716174, "abs": 0.9886553331088409, "depth": 18, "op_num": 988}, "4": {"mse": 0.001233556750482547, "abs": 1.318648867354274, "depth": 27, "op_num": 1331}, "5": {"mse": 0.0010605279321144146, "abs": 1.1185013786075708, "depth": 38, "op_num": 1682}, "6": {"mse": 0.001275620720672325, "abs": 1.1116758768719432, "depth": 51, "op_num": 2041}, "7": {"mse": 0.0012653653428084362, "abs": 1.1558362045017654, "depth": 66, "op_num": 2408}, "8": {"mse": 0.0014925515395211987, "abs": 1.3107892819240559, "depth": 83, "op_num": 2783}, "9": {"mse": 0.0017114604322409285, "abs": 1.3065892266048496, "depth": 102, "op_num": 3166}, "10": {"mse": 0.0014606556243603919, "abs": 1.0944307561666515, "depth": 123, "op_num": 3557}, "11": {"mse": 0.0013003490217366048, "abs": 1.1298349781765167, "depth": 146, "op_num": 3956}, "12": {"mse": 0.0015244294322775648, "abs": 1.4047065297748063, "depth": 171, "op_num": 4363}, "13": {"mse": 0.0007714571697661232, "abs": 1.0664202022766174, "depth": 198, "op_num": 4778}, "14": {"mse": 0.0023997091644110315, "abs": 1.577055437512401, "depth": 227, "op_num": 5201}, "15": {"mse": 0.0010464847887347744, "abs": 0.9392141456821173, "depth": 258, "op_num": 5632}, "16": {"mse": 0.0013909995654426098, "abs": 1.2099198561897888, "depth": 291, "op_num": 6071}, "17": {"mse": 0.0018292713137417604, "abs": 1.202977973529552, "depth": 326, "op_num": 6518}, "18": {"mse": 0.001196330855192087, "abs": 1.0452522975532061, "depth": 363, "op_num": 6973}, "19": {"mse": 0.0021121791501945444, "abs": 1.5111623673337142, "depth": 402, "op_num": 7436}, "20": {"mse": 0.0014893110740548038, "abs": 1.2009105127308686, "depth": 443, "op_num": 7907}}, "example 3": {"2": {"mse": 3.6756358793945304e-05, "abs": 265.7861382822428, "depth": 11, "op_num": 3364}, "3": {"mse": 0.00019847406749407998, "abs": 148.3905769113725, "depth": 18, "op_num": 5053}, "4": {"mse": 0.00028641856731303746, "abs": 384.6607299117193, "depth": 27, "op_num": 6750}, "5": {"mse": 0.0002900155576394278, "abs": 207.93736070034433, "depth": 38, "op_num": 8455}, "6": {"mse": 0.0002811563477519712, "abs": 237.15217752325344, "depth": 51, "op_num": 10168}, "7": {"mse": 0.00018791396754224194, "abs": 177.60832112360714, "depth": 66, "op_num": 11889}, "8": {"mse": 0.00033974118611695557, "abs": 295.9616186909697, "depth": 83, "op_num": 13618}, "9": {"mse": 0.00024515680043646023, "abs": 178.63265211840647, "depth": 102, "op_num": 15355}, "10": {"mse": 0.00031544377528085427, "abs": 295.7736506646566, "depth": 123, "op_num": 17100}, "11": {"mse": 0.00029220501260217703, "abs": 295.93137019302696, "depth": 146, "op_num": 18853}, "12": {"mse": 0.00032692533397573893, "abs": 354.9443906448284, "depth": 171, "op_num": 20614}, "13": {"mse": 0.0003182250204027972, "abs": 325.4381435497868, "depth": 198, "op_num": 22383}, "14": {"mse": 0.0005377656087662562, "abs": 414.2192550206531, "depth": 227, "op_num": 24160}, "15": {"mse": 0.0005488634838670277, "abs": 443.7049644379288, "depth": 258, "op_num": 25945}, "16": {"mse": 0.00028535314464398854, "abs": 178.13520152857652, "depth": 291, "op_num": 27738}, "17": {"mse": 0.000564899131079618, "abs": 325.7850181232641, "depth": 326, "op_num": 29539}, "18": {"mse": 0.00044575635883707063, "abs": 325.70276421127716, "depth": 363, "op_num": 31348}, "19": {"mse": 0.0004344621055866456, "abs": 355.01204161334294, "depth": 402, "op_num": 33165}, "20": {"mse": 0.00041390077957533184, "abs": 237.35691946135756, "depth": 443, "op_num": 34990}}}